,調査年,地域,F110801_非労働力人口（男）【人】,F110802_非労働力人口（女）【人】
0,1975,三重県,98160.0,344506.0
1,1975,京都府,167241.0,521993.0
2,1975,佐賀県,59552.0,168288.0
3,1975,兵庫県,278319.0,1168049.0
4,1975,北海道,315629.0,1193003.0
5,1975,千葉県,231373.0,895890.0
6,1975,和歌山県,67043.0,252779.0
7,1975,埼玉県,240664.0,1022918.0
8,1975,大分県,80896.0,257107.0
9,1975,大阪府,440868.0,1886029.0
10,1975,奈良県,68049.0,274097.0
11,1975,宮城県,136333.0,416205.0
12,1975,宮崎県,72988.0,210529.0
13,1975,富山県,60197.0,194738.0
14,1975,山口県,92404.0,327625.0
15,1975,山形県,83488.0,234650.0
16,1975,山梨県,50225.0,157183.0
17,1975,岐阜県,104717.0,346204.0
18,1975,岡山県,108737.0,359599.0
19,1975,岩手県,84959.0,247627.0
20,1975,島根県,50722.0,138421.0
21,1975,広島県,149001.0,537554.0
22,1975,徳島県,56510.0,165227.0
23,1975,愛媛県,95243.0,319542.0
24,1975,愛知県,306855.0,1148504.0
25,1975,新潟県,144559.0,427295.0
26,1975,東京都,802875.0,2525510.0
27,1975,栃木県,101061.0,325481.0
28,1975,沖縄県,71084.0,230322.0
29,1975,滋賀県,56981.0,194420.0
30,1975,熊本県,136443.0,362389.0
31,1975,石川県,68508.0,195625.0
32,1975,神奈川県,342364.0,1451153.0
33,1975,福井県,46471.0,128497.0
34,1975,福岡県,315230.0,980963.0
35,1975,福島県,130935.0,363169.0
36,1975,秋田県,79262.0,251288.0
37,1975,群馬県,98063.0,341024.0
38,1975,茨城県,141786.0,459509.0
39,1975,長崎県,112143.0,353428.0
40,1975,長野県,112151.0,353895.0
41,1975,青森県,89411.0,290881.0
42,1975,静岡県,170665.0,635176.0
43,1975,香川県,59944.0,196160.0
44,1975,高知県,56674.0,162303.0
45,1975,鳥取県,38634.0,99399.0
46,1975,鹿児島県,130665.0,360835.0
47,1976,三重県,,
48,1976,京都府,,
49,1976,佐賀県,,
50,1976,兵庫県,,
51,1976,北海道,,
52,1976,千葉県,,
53,1976,和歌山県,,
54,1976,埼玉県,,
55,1976,大分県,,
56,1976,大阪府,,
57,1976,奈良県,,
58,1976,宮城県,,
59,1976,宮崎県,,
60,1976,富山県,,
61,1976,山口県,,
62,1976,山形県,,
63,1976,山梨県,,
64,1976,岐阜県,,
65,1976,岡山県,,
66,1976,岩手県,,
67,1976,島根県,,
68,1976,広島県,,
69,1976,徳島県,,
70,1976,愛媛県,,
71,1976,愛知県,,
72,1976,新潟県,,
73,1976,東京都,,
74,1976,栃木県,,
75,1976,沖縄県,,
76,1976,滋賀県,,
77,1976,熊本県,,
78,1976,石川県,,
79,1976,神奈川県,,
80,1976,福井県,,
81,1976,福岡県,,
82,1976,福島県,,
83,1976,秋田県,,
84,1976,群馬県,,
85,1976,茨城県,,
86,1976,長崎県,,
87,1976,長野県,,
88,1976,青森県,,
89,1976,静岡県,,
90,1976,香川県,,
91,1976,高知県,,
92,1976,鳥取県,,
93,1976,鹿児島県,,
94,1977,三重県,,
95,1977,京都府,,
96,1977,佐賀県,,
97,1977,兵庫県,,
98,1977,北海道,,
99,1977,千葉県,,
100,1977,和歌山県,,
101,1977,埼玉県,,
102,1977,大分県,,
103,1977,大阪府,,
104,1977,奈良県,,
105,1977,宮城県,,
106,1977,宮崎県,,
107,1977,富山県,,
108,1977,山口県,,
109,1977,山形県,,
110,1977,山梨県,,
111,1977,岐阜県,,
112,1977,岡山県,,
113,1977,岩手県,,
114,1977,島根県,,
115,1977,広島県,,
116,1977,徳島県,,
117,1977,愛媛県,,
118,1977,愛知県,,
119,1977,新潟県,,
120,1977,東京都,,
121,1977,栃木県,,
122,1977,沖縄県,,
123,1977,滋賀県,,
124,1977,熊本県,,
125,1977,石川県,,
126,1977,神奈川県,,
127,1977,福井県,,
128,1977,福岡県,,
129,1977,福島県,,
130,1977,秋田県,,
131,1977,群馬県,,
132,1977,茨城県,,
133,1977,長崎県,,
134,1977,長野県,,
135,1977,青森県,,
136,1977,静岡県,,
137,1977,香川県,,
138,1977,高知県,,
139,1977,鳥取県,,
140,1977,鹿児島県,,
141,1978,三重県,,
142,1978,京都府,,
143,1978,佐賀県,,
144,1978,兵庫県,,
145,1978,北海道,,
146,1978,千葉県,,
147,1978,和歌山県,,
148,1978,埼玉県,,
149,1978,大分県,,
150,1978,大阪府,,
151,1978,奈良県,,
152,1978,宮城県,,
153,1978,宮崎県,,
154,1978,富山県,,
155,1978,山口県,,
156,1978,山形県,,
157,1978,山梨県,,
158,1978,岐阜県,,
159,1978,岡山県,,
160,1978,岩手県,,
161,1978,島根県,,
162,1978,広島県,,
163,1978,徳島県,,
164,1978,愛媛県,,
165,1978,愛知県,,
166,1978,新潟県,,
167,1978,東京都,,
168,1978,栃木県,,
169,1978,沖縄県,,
170,1978,滋賀県,,
171,1978,熊本県,,
172,1978,石川県,,
173,1978,神奈川県,,
174,1978,福井県,,
175,1978,福岡県,,
176,1978,福島県,,
177,1978,秋田県,,
178,1978,群馬県,,
179,1978,茨城県,,
180,1978,長崎県,,
181,1978,長野県,,
182,1978,青森県,,
183,1978,静岡県,,
184,1978,香川県,,
185,1978,高知県,,
186,1978,鳥取県,,
187,1978,鹿児島県,,
188,1979,三重県,,
189,1979,京都府,,
190,1979,佐賀県,,
191,1979,兵庫県,,
192,1979,北海道,,
193,1979,千葉県,,
194,1979,和歌山県,,
195,1979,埼玉県,,
196,1979,大分県,,
197,1979,大阪府,,
198,1979,奈良県,,
199,1979,宮城県,,
200,1979,宮崎県,,
201,1979,富山県,,
202,1979,山口県,,
203,1979,山形県,,
204,1979,山梨県,,
205,1979,岐阜県,,
206,1979,岡山県,,
207,1979,岩手県,,
208,1979,島根県,,
209,1979,広島県,,
210,1979,徳島県,,
211,1979,愛媛県,,
212,1979,愛知県,,
213,1979,新潟県,,
214,1979,東京都,,
215,1979,栃木県,,
216,1979,沖縄県,,
217,1979,滋賀県,,
218,1979,熊本県,,
219,1979,石川県,,
220,1979,神奈川県,,
221,1979,福井県,,
222,1979,福岡県,,
223,1979,福島県,,
224,1979,秋田県,,
225,1979,群馬県,,
226,1979,茨城県,,
227,1979,長崎県,,
228,1979,長野県,,
229,1979,青森県,,
230,1979,静岡県,,
231,1979,香川県,,
232,1979,高知県,,
233,1979,鳥取県,,
234,1979,鹿児島県,,
235,1980,三重県,113620.0,355190.0
236,1980,京都府,186046.0,544252.0
237,1980,佐賀県,62350.0,171296.0
238,1980,兵庫県,328210.0,1198705.0
239,1980,北海道,364508.0,1239258.0
240,1980,千葉県,286636.0,1008590.0
241,1980,和歌山県,74955.0,251146.0
242,1980,埼玉県,313847.0,1126570.0
243,1980,大分県,88137.0,264672.0
244,1980,大阪府,536078.0,1901854.0
245,1980,奈良県,81381.0,304129.0
246,1980,宮城県,146009.0,440476.0
247,1980,宮崎県,79216.0,221556.0
248,1980,富山県,68088.0,199199.0
249,1980,山口県,105326.0,337461.0
250,1980,山形県,87810.0,240666.0
251,1980,山梨県,54701.0,160135.0
252,1980,岐阜県,121159.0,363160.0
253,1980,岡山県,123447.0,375077.0
254,1980,岩手県,93056.0,262113.0
255,1980,島根県,52943.0,141957.0
256,1980,広島県,175507.0,553214.0
257,1980,徳島県,61247.0,168356.0
258,1980,愛媛県,105783.0,320054.0
259,1980,愛知県,368299.0,1185044.0
260,1980,新潟県,158478.0,446546.0
261,1980,東京都,865925.0,2483201.0
262,1980,栃木県,109778.0,336501.0
263,1980,沖縄県,76037.0,237820.0
264,1980,滋賀県,65727.0,218124.0
265,1980,熊本県,144986.0,375253.0
266,1980,石川県,74685.0,199224.0
267,1980,神奈川県,433871.0,1549574.0
268,1980,福井県,49901.0,130030.0
269,1980,福岡県,350856.0,1030224.0
270,1980,福島県,138695.0,377992.0
271,1980,秋田県,86316.0,266294.0
272,1980,群馬県,110508.0,356347.0
273,1980,茨城県,160741.0,500685.0
274,1980,長崎県,120432.0,355723.0
275,1980,長野県,124167.0,365054.0
276,1980,青森県,99218.0,308992.0
277,1980,静岡県,193585.0,639557.0
278,1980,香川県,65504.0,199350.0
279,1980,高知県,61288.0,162526.0
280,1980,鳥取県,40499.0,102901.0
281,1980,鹿児島県,134469.0,378575.0
282,1981,三重県,,
283,1981,京都府,,
284,1981,佐賀県,,
285,1981,兵庫県,,
286,1981,北海道,,
287,1981,千葉県,,
288,1981,和歌山県,,
289,1981,埼玉県,,
290,1981,大分県,,
291,1981,大阪府,,
292,1981,奈良県,,
293,1981,宮城県,,
294,1981,宮崎県,,
295,1981,富山県,,
296,1981,山口県,,
297,1981,山形県,,
298,1981,山梨県,,
299,1981,岐阜県,,
300,1981,岡山県,,
301,1981,岩手県,,
302,1981,島根県,,
303,1981,広島県,,
304,1981,徳島県,,
305,1981,愛媛県,,
306,1981,愛知県,,
307,1981,新潟県,,
308,1981,東京都,,
309,1981,栃木県,,
310,1981,沖縄県,,
311,1981,滋賀県,,
312,1981,熊本県,,
313,1981,石川県,,
314,1981,神奈川県,,
315,1981,福井県,,
316,1981,福岡県,,
317,1981,福島県,,
318,1981,秋田県,,
319,1981,群馬県,,
320,1981,茨城県,,
321,1981,長崎県,,
322,1981,長野県,,
323,1981,青森県,,
324,1981,静岡県,,
325,1981,香川県,,
326,1981,高知県,,
327,1981,鳥取県,,
328,1981,鹿児島県,,
329,1982,三重県,,
330,1982,京都府,,
331,1982,佐賀県,,
332,1982,兵庫県,,
333,1982,北海道,,
334,1982,千葉県,,
335,1982,和歌山県,,
336,1982,埼玉県,,
337,1982,大分県,,
338,1982,大阪府,,
339,1982,奈良県,,
340,1982,宮城県,,
341,1982,宮崎県,,
342,1982,富山県,,
343,1982,山口県,,
344,1982,山形県,,
345,1982,山梨県,,
346,1982,岐阜県,,
347,1982,岡山県,,
348,1982,岩手県,,
349,1982,島根県,,
350,1982,広島県,,
351,1982,徳島県,,
352,1982,愛媛県,,
353,1982,愛知県,,
354,1982,新潟県,,
355,1982,東京都,,
356,1982,栃木県,,
357,1982,沖縄県,,
358,1982,滋賀県,,
359,1982,熊本県,,
360,1982,石川県,,
361,1982,神奈川県,,
362,1982,福井県,,
363,1982,福岡県,,
364,1982,福島県,,
365,1982,秋田県,,
366,1982,群馬県,,
367,1982,茨城県,,
368,1982,長崎県,,
369,1982,長野県,,
370,1982,青森県,,
371,1982,静岡県,,
372,1982,香川県,,
373,1982,高知県,,
374,1982,鳥取県,,
375,1982,鹿児島県,,
376,1983,三重県,,
377,1983,京都府,,
378,1983,佐賀県,,
379,1983,兵庫県,,
380,1983,北海道,,
381,1983,千葉県,,
382,1983,和歌山県,,
383,1983,埼玉県,,
384,1983,大分県,,
385,1983,大阪府,,
386,1983,奈良県,,
387,1983,宮城県,,
388,1983,宮崎県,,
389,1983,富山県,,
390,1983,山口県,,
391,1983,山形県,,
392,1983,山梨県,,
393,1983,岐阜県,,
394,1983,岡山県,,
395,1983,岩手県,,
396,1983,島根県,,
397,1983,広島県,,
398,1983,徳島県,,
399,1983,愛媛県,,
400,1983,愛知県,,
401,1983,新潟県,,
402,1983,東京都,,
403,1983,栃木県,,
404,1983,沖縄県,,
405,1983,滋賀県,,
406,1983,熊本県,,
407,1983,石川県,,
408,1983,神奈川県,,
409,1983,福井県,,
410,1983,福岡県,,
411,1983,福島県,,
412,1983,秋田県,,
413,1983,群馬県,,
414,1983,茨城県,,
415,1983,長崎県,,
416,1983,長野県,,
417,1983,青森県,,
418,1983,静岡県,,
419,1983,香川県,,
420,1983,高知県,,
421,1983,鳥取県,,
422,1983,鹿児島県,,
423,1984,三重県,,
424,1984,京都府,,
425,1984,佐賀県,,
426,1984,兵庫県,,
427,1984,北海道,,
428,1984,千葉県,,
429,1984,和歌山県,,
430,1984,埼玉県,,
431,1984,大分県,,
432,1984,大阪府,,
433,1984,奈良県,,
434,1984,宮城県,,
435,1984,宮崎県,,
436,1984,富山県,,
437,1984,山口県,,
438,1984,山形県,,
439,1984,山梨県,,
440,1984,岐阜県,,
441,1984,岡山県,,
442,1984,岩手県,,
443,1984,島根県,,
444,1984,広島県,,
445,1984,徳島県,,
446,1984,愛媛県,,
447,1984,愛知県,,
448,1984,新潟県,,
449,1984,東京都,,
450,1984,栃木県,,
451,1984,沖縄県,,
452,1984,滋賀県,,
453,1984,熊本県,,
454,1984,石川県,,
455,1984,神奈川県,,
456,1984,福井県,,
457,1984,福岡県,,
458,1984,福島県,,
459,1984,秋田県,,
460,1984,群馬県,,
461,1984,茨城県,,
462,1984,長崎県,,
463,1984,長野県,,
464,1984,青森県,,
465,1984,静岡県,,
466,1984,香川県,,
467,1984,高知県,,
468,1984,鳥取県,,
469,1984,鹿児島県,,
470,1985,三重県,129937.0,369438.0
471,1985,京都府,209774.0,568458.0
472,1985,佐賀県,68627.0,180028.0
473,1985,兵庫県,385666.0,1237830.0
474,1985,北海道,425993.0,1285240.0
475,1985,千葉県,364798.0,1093811.0
476,1985,和歌山県,85276.0,256821.0
477,1985,埼玉県,405505.0,1213202.0
478,1985,大分県,100668.0,278143.0
479,1985,大阪府,634359.0,1958631.0
480,1985,奈良県,100682.0,329910.0
481,1985,宮城県,167082.0,454878.0
482,1985,宮崎県,89575.0,232538.0
483,1985,富山県,80858.0,210285.0
484,1985,山口県,123280.0,349475.0
485,1985,山形県,95376.0,242876.0
486,1985,山梨県,61707.0,168164.0
487,1985,岐阜県,139539.0,387166.0
488,1985,岡山県,141847.0,397146.0
489,1985,岩手県,103047.0,268194.0
490,1985,島根県,59418.0,148484.0
491,1985,広島県,208088.0,585353.0
492,1985,徳島県,68619.0,176381.0
493,1985,愛媛県,120811.0,331760.0
494,1985,愛知県,437408.0,1249246.0
495,1985,新潟県,184394.0,476481.0
496,1985,東京都,926426.0,2495618.0
497,1985,栃木県,126569.0,351870.0
498,1985,沖縄県,85857.0,248793.0
499,1985,滋賀県,78138.0,238892.0
500,1985,熊本県,159472.0,390145.0
501,1985,石川県,86590.0,213141.0
502,1985,神奈川県,534311.0,1627752.0
503,1985,福井県,56454.0,141700.0
504,1985,福岡県,402317.0,1083242.0
505,1985,福島県,151429.0,389413.0
506,1985,秋田県,95293.0,267479.0
507,1985,群馬県,129772.0,379678.0
508,1985,茨城県,192372.0,543130.0
509,1985,長崎県,133115.0,364666.0
510,1985,長野県,139563.0,382682.0
511,1985,青森県,111265.0,318277.0
512,1985,静岡県,224328.0,664885.0
513,1985,香川県,76862.0,211551.0
514,1985,高知県,69826.0,170655.0
515,1985,鳥取県,44955.0,109043.0
516,1985,鹿児島県,146623.0,400335.0
517,1986,三重県,,
518,1986,京都府,,
519,1986,佐賀県,,
520,1986,兵庫県,,
521,1986,北海道,,
522,1986,千葉県,,
523,1986,和歌山県,,
524,1986,埼玉県,,
525,1986,大分県,,
526,1986,大阪府,,
527,1986,奈良県,,
528,1986,宮城県,,
529,1986,宮崎県,,
530,1986,富山県,,
531,1986,山口県,,
532,1986,山形県,,
533,1986,山梨県,,
534,1986,岐阜県,,
535,1986,岡山県,,
536,1986,岩手県,,
537,1986,島根県,,
538,1986,広島県,,
539,1986,徳島県,,
540,1986,愛媛県,,
541,1986,愛知県,,
542,1986,新潟県,,
543,1986,東京都,,
544,1986,栃木県,,
545,1986,沖縄県,,
546,1986,滋賀県,,
547,1986,熊本県,,
548,1986,石川県,,
549,1986,神奈川県,,
550,1986,福井県,,
551,1986,福岡県,,
552,1986,福島県,,
553,1986,秋田県,,
554,1986,群馬県,,
555,1986,茨城県,,
556,1986,長崎県,,
557,1986,長野県,,
558,1986,青森県,,
559,1986,静岡県,,
560,1986,香川県,,
561,1986,高知県,,
562,1986,鳥取県,,
563,1986,鹿児島県,,
564,1987,三重県,,
565,1987,京都府,,
566,1987,佐賀県,,
567,1987,兵庫県,,
568,1987,北海道,,
569,1987,千葉県,,
570,1987,和歌山県,,
571,1987,埼玉県,,
572,1987,大分県,,
573,1987,大阪府,,
574,1987,奈良県,,
575,1987,宮城県,,
576,1987,宮崎県,,
577,1987,富山県,,
578,1987,山口県,,
579,1987,山形県,,
580,1987,山梨県,,
581,1987,岐阜県,,
582,1987,岡山県,,
583,1987,岩手県,,
584,1987,島根県,,
585,1987,広島県,,
586,1987,徳島県,,
587,1987,愛媛県,,
588,1987,愛知県,,
589,1987,新潟県,,
590,1987,東京都,,
591,1987,栃木県,,
592,1987,沖縄県,,
593,1987,滋賀県,,
594,1987,熊本県,,
595,1987,石川県,,
596,1987,神奈川県,,
597,1987,福井県,,
598,1987,福岡県,,
599,1987,福島県,,
600,1987,秋田県,,
601,1987,群馬県,,
602,1987,茨城県,,
603,1987,長崎県,,
604,1987,長野県,,
605,1987,青森県,,
606,1987,静岡県,,
607,1987,香川県,,
608,1987,高知県,,
609,1987,鳥取県,,
610,1987,鹿児島県,,
611,1988,三重県,,
612,1988,京都府,,
613,1988,佐賀県,,
614,1988,兵庫県,,
615,1988,北海道,,
616,1988,千葉県,,
617,1988,和歌山県,,
618,1988,埼玉県,,
619,1988,大分県,,
620,1988,大阪府,,
621,1988,奈良県,,
622,1988,宮城県,,
623,1988,宮崎県,,
624,1988,富山県,,
625,1988,山口県,,
626,1988,山形県,,
627,1988,山梨県,,
628,1988,岐阜県,,
629,1988,岡山県,,
630,1988,岩手県,,
631,1988,島根県,,
632,1988,広島県,,
633,1988,徳島県,,
634,1988,愛媛県,,
635,1988,愛知県,,
636,1988,新潟県,,
637,1988,東京都,,
638,1988,栃木県,,
639,1988,沖縄県,,
640,1988,滋賀県,,
641,1988,熊本県,,
642,1988,石川県,,
643,1988,神奈川県,,
644,1988,福井県,,
645,1988,福岡県,,
646,1988,福島県,,
647,1988,秋田県,,
648,1988,群馬県,,
649,1988,茨城県,,
650,1988,長崎県,,
651,1988,長野県,,
652,1988,青森県,,
653,1988,静岡県,,
654,1988,香川県,,
655,1988,高知県,,
656,1988,鳥取県,,
657,1988,鹿児島県,,
658,1989,三重県,,
659,1989,京都府,,
660,1989,佐賀県,,
661,1989,兵庫県,,
662,1989,北海道,,
663,1989,千葉県,,
664,1989,和歌山県,,
665,1989,埼玉県,,
666,1989,大分県,,
667,1989,大阪府,,
668,1989,奈良県,,
669,1989,宮城県,,
670,1989,宮崎県,,
671,1989,富山県,,
672,1989,山口県,,
673,1989,山形県,,
674,1989,山梨県,,
675,1989,岐阜県,,
676,1989,岡山県,,
677,1989,岩手県,,
678,1989,島根県,,
679,1989,広島県,,
680,1989,徳島県,,
681,1989,愛媛県,,
682,1989,愛知県,,
683,1989,新潟県,,
684,1989,東京都,,
685,1989,栃木県,,
686,1989,沖縄県,,
687,1989,滋賀県,,
688,1989,熊本県,,
689,1989,石川県,,
690,1989,神奈川県,,
691,1989,福井県,,
692,1989,福岡県,,
693,1989,福島県,,
694,1989,秋田県,,
695,1989,群馬県,,
696,1989,茨城県,,
697,1989,長崎県,,
698,1989,長野県,,
699,1989,青森県,,
700,1989,静岡県,,
701,1989,香川県,,
702,1989,高知県,,
703,1989,鳥取県,,
704,1989,鹿児島県,,
705,1990,三重県,149087.0,388692.0
706,1990,京都府,226185.0,580062.0
707,1990,佐賀県,76240.0,184426.0
708,1990,兵庫県,441998.0,1288953.0
709,1990,北海道,488259.0,1304926.0
710,1990,千葉県,444333.0,1192747.0
711,1990,和歌山県,95010.0,260266.0
712,1990,埼玉県,498578.0,1350363.0
713,1990,大分県,115135.0,285197.0
714,1990,大阪府,698950.0,2009774.0
715,1990,奈良県,120899.0,356365.0
716,1990,宮城県,189563.0,477734.0
717,1990,宮崎県,103661.0,243044.0
718,1990,富山県,93004.0,223213.0
719,1990,山口県,142253.0,359317.0
720,1990,山形県,104614.0,249999.0
721,1990,山梨県,68321.0,176055.0
722,1990,岐阜県,162478.0,415106.0
723,1990,岡山県,165118.0,421384.0
724,1990,岩手県,113651.0,274161.0
725,1990,島根県,67338.0,157808.0
726,1990,広島県,243971.0,615565.0
727,1990,徳島県,76736.0,185296.0
728,1990,愛媛県,136617.0,346830.0
729,1990,愛知県,503778.0,1325213.0
730,1990,新潟県,205820.0,494626.0
731,1990,東京都,940615.0,2488489.0
732,1990,栃木県,147772.0,378777.0
733,1990,沖縄県,97705.0,259652.0
734,1990,滋賀県,94330.0,261245.0
735,1990,熊本県,177276.0,401389.0
736,1990,石川県,100327.0,225452.0
737,1990,神奈川県,636259.0,1756472.0
738,1990,福井県,64625.0,151312.0
739,1990,福岡県,462898.0,1122310.0
740,1990,福島県,172224.0,411057.0
741,1990,秋田県,106277.0,268619.0
742,1990,群馬県,151323.0,401697.0
743,1990,茨城県,225231.0,587948.0
744,1990,長崎県,146973.0,365001.0
745,1990,長野県,160083.0,407187.0
746,1990,青森県,122132.0,317663.0
747,1990,静岡県,259960.0,697878.0
748,1990,香川県,88347.0,221838.0
749,1990,高知県,77691.0,176902.0
750,1990,鳥取県,51307.0,115409.0
751,1990,鹿児島県,168241.0,419538.0
752,1991,三重県,,
753,1991,京都府,,
754,1991,佐賀県,,
755,1991,兵庫県,,
756,1991,北海道,,
757,1991,千葉県,,
758,1991,和歌山県,,
759,1991,埼玉県,,
760,1991,大分県,,
761,1991,大阪府,,
762,1991,奈良県,,
763,1991,宮城県,,
764,1991,宮崎県,,
765,1991,富山県,,
766,1991,山口県,,
767,1991,山形県,,
768,1991,山梨県,,
769,1991,岐阜県,,
770,1991,岡山県,,
771,1991,岩手県,,
772,1991,島根県,,
773,1991,広島県,,
774,1991,徳島県,,
775,1991,愛媛県,,
776,1991,愛知県,,
777,1991,新潟県,,
778,1991,東京都,,
779,1991,栃木県,,
780,1991,沖縄県,,
781,1991,滋賀県,,
782,1991,熊本県,,
783,1991,石川県,,
784,1991,神奈川県,,
785,1991,福井県,,
786,1991,福岡県,,
787,1991,福島県,,
788,1991,秋田県,,
789,1991,群馬県,,
790,1991,茨城県,,
791,1991,長崎県,,
792,1991,長野県,,
793,1991,青森県,,
794,1991,静岡県,,
795,1991,香川県,,
796,1991,高知県,,
797,1991,鳥取県,,
798,1991,鹿児島県,,
799,1992,三重県,,
800,1992,京都府,,
801,1992,佐賀県,,
802,1992,兵庫県,,
803,1992,北海道,,
804,1992,千葉県,,
805,1992,和歌山県,,
806,1992,埼玉県,,
807,1992,大分県,,
808,1992,大阪府,,
809,1992,奈良県,,
810,1992,宮城県,,
811,1992,宮崎県,,
812,1992,富山県,,
813,1992,山口県,,
814,1992,山形県,,
815,1992,山梨県,,
816,1992,岐阜県,,
817,1992,岡山県,,
818,1992,岩手県,,
819,1992,島根県,,
820,1992,広島県,,
821,1992,徳島県,,
822,1992,愛媛県,,
823,1992,愛知県,,
824,1992,新潟県,,
825,1992,東京都,,
826,1992,栃木県,,
827,1992,沖縄県,,
828,1992,滋賀県,,
829,1992,熊本県,,
830,1992,石川県,,
831,1992,神奈川県,,
832,1992,福井県,,
833,1992,福岡県,,
834,1992,福島県,,
835,1992,秋田県,,
836,1992,群馬県,,
837,1992,茨城県,,
838,1992,長崎県,,
839,1992,長野県,,
840,1992,青森県,,
841,1992,静岡県,,
842,1992,香川県,,
843,1992,高知県,,
844,1992,鳥取県,,
845,1992,鹿児島県,,
846,1993,三重県,,
847,1993,京都府,,
848,1993,佐賀県,,
849,1993,兵庫県,,
850,1993,北海道,,
851,1993,千葉県,,
852,1993,和歌山県,,
853,1993,埼玉県,,
854,1993,大分県,,
855,1993,大阪府,,
856,1993,奈良県,,
857,1993,宮城県,,
858,1993,宮崎県,,
859,1993,富山県,,
860,1993,山口県,,
861,1993,山形県,,
862,1993,山梨県,,
863,1993,岐阜県,,
864,1993,岡山県,,
865,1993,岩手県,,
866,1993,島根県,,
867,1993,広島県,,
868,1993,徳島県,,
869,1993,愛媛県,,
870,1993,愛知県,,
871,1993,新潟県,,
872,1993,東京都,,
873,1993,栃木県,,
874,1993,沖縄県,,
875,1993,滋賀県,,
876,1993,熊本県,,
877,1993,石川県,,
878,1993,神奈川県,,
879,1993,福井県,,
880,1993,福岡県,,
881,1993,福島県,,
882,1993,秋田県,,
883,1993,群馬県,,
884,1993,茨城県,,
885,1993,長崎県,,
886,1993,長野県,,
887,1993,青森県,,
888,1993,静岡県,,
889,1993,香川県,,
890,1993,高知県,,
891,1993,鳥取県,,
892,1993,鹿児島県,,
893,1994,三重県,,
894,1994,京都府,,
895,1994,佐賀県,,
896,1994,兵庫県,,
897,1994,北海道,,
898,1994,千葉県,,
899,1994,和歌山県,,
900,1994,埼玉県,,
901,1994,大分県,,
902,1994,大阪府,,
903,1994,奈良県,,
904,1994,宮城県,,
905,1994,宮崎県,,
906,1994,富山県,,
907,1994,山口県,,
908,1994,山形県,,
909,1994,山梨県,,
910,1994,岐阜県,,
911,1994,岡山県,,
912,1994,岩手県,,
913,1994,島根県,,
914,1994,広島県,,
915,1994,徳島県,,
916,1994,愛媛県,,
917,1994,愛知県,,
918,1994,新潟県,,
919,1994,東京都,,
920,1994,栃木県,,
921,1994,沖縄県,,
922,1994,滋賀県,,
923,1994,熊本県,,
924,1994,石川県,,
925,1994,神奈川県,,
926,1994,福井県,,
927,1994,福岡県,,
928,1994,福島県,,
929,1994,秋田県,,
930,1994,群馬県,,
931,1994,茨城県,,
932,1994,長崎県,,
933,1994,長野県,,
934,1994,青森県,,
935,1994,静岡県,,
936,1994,香川県,,
937,1994,高知県,,
938,1994,鳥取県,,
939,1994,鹿児島県,,
940,1995,三重県,153712.0,400343.0
941,1995,京都府,235907.0,596554.0
942,1995,佐賀県,77280.0,187088.0
943,1995,兵庫県,445861.0,1305572.0
944,1995,北海道,505210.0,1324600.0
945,1995,千葉県,470623.0,1253781.0
946,1995,和歌山県,94418.0,262624.0
947,1995,埼玉県,516994.0,1435866.0
948,1995,大分県,115787.0,286440.0
949,1995,大阪府,704868.0,2043146.0
950,1995,奈良県,125613.0,370926.0
951,1995,宮城県,205361.0,507914.0
952,1995,宮崎県,107599.0,247199.0
953,1995,富山県,92812.0,226391.0
954,1995,山口県,142078.0,356328.0
955,1995,山形県,110573.0,261737.0
956,1995,山梨県,71659.0,184581.0
957,1995,岐阜県,167171.0,435383.0
958,1995,岡山県,168274.0,430987.0
959,1995,岩手県,117887.0,289039.0
960,1995,島根県,67782.0,159961.0
961,1995,広島県,247136.0,626896.0
962,1995,徳島県,80446.0,190932.0
963,1995,愛媛県,138042.0,351167.0
964,1995,愛知県,516670.0,1379633.0
965,1995,新潟県,213784.0,510715.0
966,1995,東京都,938567.0,2494373.0
967,1995,栃木県,158474.0,401176.0
968,1995,沖縄県,109201.0,273573.0
969,1995,滋賀県,101878.0,276326.0
970,1995,熊本県,185373.0,411776.0
971,1995,石川県,102653.0,233132.0
972,1995,神奈川県,662396.0,1817601.0
973,1995,福井県,66389.0,156307.0
974,1995,福岡県,473743.0,1149617.0
975,1995,福島県,183678.0,439330.0
976,1995,秋田県,112432.0,280963.0
977,1995,群馬県,159612.0,421093.0
978,1995,茨城県,240688.0,627951.0
979,1995,長崎県,146474.0,361228.0
980,1995,長野県,163026.0,425082.0
981,1995,青森県,127105.0,324218.0
982,1995,静岡県,274562.0,725513.0
983,1995,香川県,89740.0,225132.0
984,1995,高知県,78557.0,177927.0
985,1995,鳥取県,52091.0,119555.0
986,1995,鹿児島県,170108.0,423127.0
987,1996,三重県,,
988,1996,京都府,,
989,1996,佐賀県,,
990,1996,兵庫県,,
991,1996,北海道,,
992,1996,千葉県,,
993,1996,和歌山県,,
994,1996,埼玉県,,
995,1996,大分県,,
996,1996,大阪府,,
997,1996,奈良県,,
998,1996,宮城県,,
999,1996,宮崎県,,
1000,1996,富山県,,
1001,1996,山口県,,
1002,1996,山形県,,
1003,1996,山梨県,,
1004,1996,岐阜県,,
1005,1996,岡山県,,
1006,1996,岩手県,,
1007,1996,島根県,,
1008,1996,広島県,,
1009,1996,徳島県,,
1010,1996,愛媛県,,
1011,1996,愛知県,,
1012,1996,新潟県,,
1013,1996,東京都,,
1014,1996,栃木県,,
1015,1996,沖縄県,,
1016,1996,滋賀県,,
1017,1996,熊本県,,
1018,1996,石川県,,
1019,1996,神奈川県,,
1020,1996,福井県,,
1021,1996,福岡県,,
1022,1996,福島県,,
1023,1996,秋田県,,
1024,1996,群馬県,,
1025,1996,茨城県,,
1026,1996,長崎県,,
1027,1996,長野県,,
1028,1996,青森県,,
1029,1996,静岡県,,
1030,1996,香川県,,
1031,1996,高知県,,
1032,1996,鳥取県,,
1033,1996,鹿児島県,,
1034,1997,三重県,,
1035,1997,京都府,,
1036,1997,佐賀県,,
1037,1997,兵庫県,,
1038,1997,北海道,,
1039,1997,千葉県,,
1040,1997,和歌山県,,
1041,1997,埼玉県,,
1042,1997,大分県,,
1043,1997,大阪府,,
1044,1997,奈良県,,
1045,1997,宮城県,,
1046,1997,宮崎県,,
1047,1997,富山県,,
1048,1997,山口県,,
1049,1997,山形県,,
1050,1997,山梨県,,
1051,1997,岐阜県,,
1052,1997,岡山県,,
1053,1997,岩手県,,
1054,1997,島根県,,
1055,1997,広島県,,
1056,1997,徳島県,,
1057,1997,愛媛県,,
1058,1997,愛知県,,
1059,1997,新潟県,,
1060,1997,東京都,,
1061,1997,栃木県,,
1062,1997,沖縄県,,
1063,1997,滋賀県,,
1064,1997,熊本県,,
1065,1997,石川県,,
1066,1997,神奈川県,,
1067,1997,福井県,,
1068,1997,福岡県,,
1069,1997,福島県,,
1070,1997,秋田県,,
1071,1997,群馬県,,
1072,1997,茨城県,,
1073,1997,長崎県,,
1074,1997,長野県,,
1075,1997,青森県,,
1076,1997,静岡県,,
1077,1997,香川県,,
1078,1997,高知県,,
1079,1997,鳥取県,,
1080,1997,鹿児島県,,
1081,1998,三重県,,
1082,1998,京都府,,
1083,1998,佐賀県,,
1084,1998,兵庫県,,
1085,1998,北海道,,
1086,1998,千葉県,,
1087,1998,和歌山県,,
1088,1998,埼玉県,,
1089,1998,大分県,,
1090,1998,大阪府,,
1091,1998,奈良県,,
1092,1998,宮城県,,
1093,1998,宮崎県,,
1094,1998,富山県,,
1095,1998,山口県,,
1096,1998,山形県,,
1097,1998,山梨県,,
1098,1998,岐阜県,,
1099,1998,岡山県,,
1100,1998,岩手県,,
1101,1998,島根県,,
1102,1998,広島県,,
1103,1998,徳島県,,
1104,1998,愛媛県,,
1105,1998,愛知県,,
1106,1998,新潟県,,
1107,1998,東京都,,
1108,1998,栃木県,,
1109,1998,沖縄県,,
1110,1998,滋賀県,,
1111,1998,熊本県,,
1112,1998,石川県,,
1113,1998,神奈川県,,
1114,1998,福井県,,
1115,1998,福岡県,,
1116,1998,福島県,,
1117,1998,秋田県,,
1118,1998,群馬県,,
1119,1998,茨城県,,
1120,1998,長崎県,,
1121,1998,長野県,,
1122,1998,青森県,,
1123,1998,静岡県,,
1124,1998,香川県,,
1125,1998,高知県,,
1126,1998,鳥取県,,
1127,1998,鹿児島県,,
1128,1999,三重県,,
1129,1999,京都府,,
1130,1999,佐賀県,,
1131,1999,兵庫県,,
1132,1999,北海道,,
1133,1999,千葉県,,
1134,1999,和歌山県,,
1135,1999,埼玉県,,
1136,1999,大分県,,
1137,1999,大阪府,,
1138,1999,奈良県,,
1139,1999,宮城県,,
1140,1999,宮崎県,,
1141,1999,富山県,,
1142,1999,山口県,,
1143,1999,山形県,,
1144,1999,山梨県,,
1145,1999,岐阜県,,
1146,1999,岡山県,,
1147,1999,岩手県,,
1148,1999,島根県,,
1149,1999,広島県,,
1150,1999,徳島県,,
1151,1999,愛媛県,,
1152,1999,愛知県,,
1153,1999,新潟県,,
1154,1999,東京都,,
1155,1999,栃木県,,
1156,1999,沖縄県,,
1157,1999,滋賀県,,
1158,1999,熊本県,,
1159,1999,石川県,,
1160,1999,神奈川県,,
1161,1999,福井県,,
1162,1999,福岡県,,
1163,1999,福島県,,
1164,1999,秋田県,,
1165,1999,群馬県,,
1166,1999,茨城県,,
1167,1999,長崎県,,
1168,1999,長野県,,
1169,1999,青森県,,
1170,1999,静岡県,,
1171,1999,香川県,,
1172,1999,高知県,,
1173,1999,鳥取県,,
1174,1999,鹿児島県,,
1175,2000,三重県,181399.0,417077.0
1176,2000,京都府,253411.0,605656.0
1177,2000,佐賀県,86995.0,192319.0
1178,2000,兵庫県,532053.0,1352411.0
1179,2000,北海道,579812.0,1357086.0
1180,2000,千葉県,541474.0,1306111.0
1181,2000,和歌山県,111262.0,267257.0
1182,2000,埼玉県,598958.0,1494651.0
1183,2000,大分県,130479.0,291007.0
1184,2000,大阪府,816748.0,2081577.0
1185,2000,奈良県,144257.0,377827.0
1186,2000,宮城県,236834.0,532790.0
1187,2000,宮崎県,122597.0,257557.0
1188,2000,富山県,105856.0,235709.0
1189,2000,山口県,160991.0,366189.0
1190,2000,山形県,123819.0,266963.0
1191,2000,山梨県,82579.0,188969.0
1192,2000,岐阜県,194537.0,451388.0
1193,2000,岡山県,198977.0,448214.0
1194,2000,岩手県,135537.0,301757.0
1195,2000,島根県,77243.0,167957.0
1196,2000,広島県,280583.0,645252.0
1197,2000,徳島県,90338.0,193943.0
1198,2000,愛媛県,158784.0,362320.0
1199,2000,愛知県,600684.0,1445986.0
1200,2000,新潟県,249086.0,536190.0
1201,2000,東京都,1065712.0,2568025.0
1202,2000,栃木県,183252.0,418513.0
1203,2000,沖縄県,133223.0,281032.0
1204,2000,滋賀県,123530.0,293033.0
1205,2000,熊本県,204546.0,421854.0
1206,2000,石川県,115264.0,243230.0
1207,2000,神奈川県,774490.0,1900588.0
1208,2000,福井県,76828.0,166382.0
1209,2000,福岡県,522105.0,1174909.0
1210,2000,福島県,211085.0,455070.0
1211,2000,秋田県,126648.0,283441.0
1212,2000,群馬県,186968.0,433837.0
1213,2000,茨城県,281302.0,650589.0
1214,2000,長崎県,165584.0,365188.0
1215,2000,長野県,191428.0,444832.0
1216,2000,青森県,143941.0,328432.0
1217,2000,静岡県,327519.0,759769.0
1218,2000,香川県,103346.0,230365.0
1219,2000,高知県,90314.0,184430.0
1220,2000,鳥取県,58817.0,126412.0
1221,2000,鹿児島県,198501.0,432506.0
1222,2001,三重県,,
1223,2001,京都府,,
1224,2001,佐賀県,,
1225,2001,兵庫県,,
1226,2001,北海道,,
1227,2001,千葉県,,
1228,2001,和歌山県,,
1229,2001,埼玉県,,
1230,2001,大分県,,
1231,2001,大阪府,,
1232,2001,奈良県,,
1233,2001,宮城県,,
1234,2001,宮崎県,,
1235,2001,富山県,,
1236,2001,山口県,,
1237,2001,山形県,,
1238,2001,山梨県,,
1239,2001,岐阜県,,
1240,2001,岡山県,,
1241,2001,岩手県,,
1242,2001,島根県,,
1243,2001,広島県,,
1244,2001,徳島県,,
1245,2001,愛媛県,,
1246,2001,愛知県,,
1247,2001,新潟県,,
1248,2001,東京都,,
1249,2001,栃木県,,
1250,2001,沖縄県,,
1251,2001,滋賀県,,
1252,2001,熊本県,,
1253,2001,石川県,,
1254,2001,神奈川県,,
1255,2001,福井県,,
1256,2001,福岡県,,
1257,2001,福島県,,
1258,2001,秋田県,,
1259,2001,群馬県,,
1260,2001,茨城県,,
1261,2001,長崎県,,
1262,2001,長野県,,
1263,2001,青森県,,
1264,2001,静岡県,,
1265,2001,香川県,,
1266,2001,高知県,,
1267,2001,鳥取県,,
1268,2001,鹿児島県,,
1269,2002,三重県,,
1270,2002,京都府,,
1271,2002,佐賀県,,
1272,2002,兵庫県,,
1273,2002,北海道,,
1274,2002,千葉県,,
1275,2002,和歌山県,,
1276,2002,埼玉県,,
1277,2002,大分県,,
1278,2002,大阪府,,
1279,2002,奈良県,,
1280,2002,宮城県,,
1281,2002,宮崎県,,
1282,2002,富山県,,
1283,2002,山口県,,
1284,2002,山形県,,
1285,2002,山梨県,,
1286,2002,岐阜県,,
1287,2002,岡山県,,
1288,2002,岩手県,,
1289,2002,島根県,,
1290,2002,広島県,,
1291,2002,徳島県,,
1292,2002,愛媛県,,
1293,2002,愛知県,,
1294,2002,新潟県,,
1295,2002,東京都,,
1296,2002,栃木県,,
1297,2002,沖縄県,,
1298,2002,滋賀県,,
1299,2002,熊本県,,
1300,2002,石川県,,
1301,2002,神奈川県,,
1302,2002,福井県,,
1303,2002,福岡県,,
1304,2002,福島県,,
1305,2002,秋田県,,
1306,2002,群馬県,,
1307,2002,茨城県,,
1308,2002,長崎県,,
1309,2002,長野県,,
1310,2002,青森県,,
1311,2002,静岡県,,
1312,2002,香川県,,
1313,2002,高知県,,
1314,2002,鳥取県,,
1315,2002,鹿児島県,,
1316,2003,三重県,,
1317,2003,京都府,,
1318,2003,佐賀県,,
1319,2003,兵庫県,,
1320,2003,北海道,,
1321,2003,千葉県,,
1322,2003,和歌山県,,
1323,2003,埼玉県,,
1324,2003,大分県,,
1325,2003,大阪府,,
1326,2003,奈良県,,
1327,2003,宮城県,,
1328,2003,宮崎県,,
1329,2003,富山県,,
1330,2003,山口県,,
1331,2003,山形県,,
1332,2003,山梨県,,
1333,2003,岐阜県,,
1334,2003,岡山県,,
1335,2003,岩手県,,
1336,2003,島根県,,
1337,2003,広島県,,
1338,2003,徳島県,,
1339,2003,愛媛県,,
1340,2003,愛知県,,
1341,2003,新潟県,,
1342,2003,東京都,,
1343,2003,栃木県,,
1344,2003,沖縄県,,
1345,2003,滋賀県,,
1346,2003,熊本県,,
1347,2003,石川県,,
1348,2003,神奈川県,,
1349,2003,福井県,,
1350,2003,福岡県,,
1351,2003,福島県,,
1352,2003,秋田県,,
1353,2003,群馬県,,
1354,2003,茨城県,,
1355,2003,長崎県,,
1356,2003,長野県,,
1357,2003,青森県,,
1358,2003,静岡県,,
1359,2003,香川県,,
1360,2003,高知県,,
1361,2003,鳥取県,,
1362,2003,鹿児島県,,
1363,2004,三重県,,
1364,2004,京都府,,
1365,2004,佐賀県,,
1366,2004,兵庫県,,
1367,2004,北海道,,
1368,2004,千葉県,,
1369,2004,和歌山県,,
1370,2004,埼玉県,,
1371,2004,大分県,,
1372,2004,大阪府,,
1373,2004,奈良県,,
1374,2004,宮城県,,
1375,2004,宮崎県,,
1376,2004,富山県,,
1377,2004,山口県,,
1378,2004,山形県,,
1379,2004,山梨県,,
1380,2004,岐阜県,,
1381,2004,岡山県,,
1382,2004,岩手県,,
1383,2004,島根県,,
1384,2004,広島県,,
1385,2004,徳島県,,
1386,2004,愛媛県,,
1387,2004,愛知県,,
1388,2004,新潟県,,
1389,2004,東京都,,
1390,2004,栃木県,,
1391,2004,沖縄県,,
1392,2004,滋賀県,,
1393,2004,熊本県,,
1394,2004,石川県,,
1395,2004,神奈川県,,
1396,2004,福井県,,
1397,2004,福岡県,,
1398,2004,福島県,,
1399,2004,秋田県,,
1400,2004,群馬県,,
1401,2004,茨城県,,
1402,2004,長崎県,,
1403,2004,長野県,,
1404,2004,青森県,,
1405,2004,静岡県,,
1406,2004,香川県,,
1407,2004,高知県,,
1408,2004,鳥取県,,
1409,2004,鹿児島県,,
1410,2005,三重県,189924.0,415775.0
1411,2005,京都府,263274.0,603025.0
1412,2005,佐賀県,88140.0,192060.0
1413,2005,兵庫県,569784.0,1352492.0
1414,2005,北海道,605919.0,1356754.0
1415,2005,千葉県,577179.0,1333566.0
1416,2005,和歌山県,112729.0,257478.0
1417,2005,埼玉県,644779.0,1513757.0
1418,2005,大分県,132051.0,288803.0
1419,2005,大阪府,861415.0,2055911.0
1420,2005,奈良県,155367.0,370608.0
1421,2005,宮城県,243307.0,537929.0
1422,2005,宮崎県,121987.0,257340.0
1423,2005,富山県,110619.0,237383.0
1424,2005,山口県,162118.0,362241.0
1425,2005,山形県,129809.0,269293.0
1426,2005,山梨県,85825.0,189196.0
1427,2005,岐阜県,207288.0,454286.0
1428,2005,岡山県,204944.0,448961.0
1429,2005,岩手県,142419.0,307699.0
1430,2005,島根県,79737.0,168417.0
1431,2005,広島県,290786.0,645488.0
1432,2005,徳島県,93690.0,194065.0
1433,2005,愛媛県,157529.0,355081.0
1434,2005,愛知県,642010.0,1473680.0
1435,2005,新潟県,256317.0,537619.0
1436,2005,東京都,1058643.0,2594700.0
1437,2005,栃木県,192865.0,426640.0
1438,2005,沖縄県,136975.0,285442.0
1439,2005,滋賀県,133034.0,298471.0
1440,2005,熊本県,204907.0,420245.0
1441,2005,石川県,118172.0,245187.0
1442,2005,神奈川県,822628.0,1929348.0
1443,2005,福井県,80040.0,169058.0
1444,2005,福岡県,522591.0,1174206.0
1445,2005,福島県,216459.0,460567.0
1446,2005,秋田県,127786.0,280803.0
1447,2005,群馬県,199103.0,437625.0
1448,2005,茨城県,298230.0,654581.0
1449,2005,長崎県,166078.0,359130.0
1450,2005,長野県,204146.0,452682.0
1451,2005,青森県,147707.0,327845.0
1452,2005,静岡県,353204.0,776598.0
1453,2005,香川県,106853.0,231078.0
1454,2005,高知県,92503.0,183582.0
1455,2005,鳥取県,61727.0,129421.0
1456,2005,鹿児島県,195448.0,423612.0
1457,2006,三重県,,
1458,2006,京都府,,
1459,2006,佐賀県,,
1460,2006,兵庫県,,
1461,2006,北海道,,
1462,2006,千葉県,,
1463,2006,和歌山県,,
1464,2006,埼玉県,,
1465,2006,大分県,,
1466,2006,大阪府,,
1467,2006,奈良県,,
1468,2006,宮城県,,
1469,2006,宮崎県,,
1470,2006,富山県,,
1471,2006,山口県,,
1472,2006,山形県,,
1473,2006,山梨県,,
1474,2006,岐阜県,,
1475,2006,岡山県,,
1476,2006,岩手県,,
1477,2006,島根県,,
1478,2006,広島県,,
1479,2006,徳島県,,
1480,2006,愛媛県,,
1481,2006,愛知県,,
1482,2006,新潟県,,
1483,2006,東京都,,
1484,2006,栃木県,,
1485,2006,沖縄県,,
1486,2006,滋賀県,,
1487,2006,熊本県,,
1488,2006,石川県,,
1489,2006,神奈川県,,
1490,2006,福井県,,
1491,2006,福岡県,,
1492,2006,福島県,,
1493,2006,秋田県,,
1494,2006,群馬県,,
1495,2006,茨城県,,
1496,2006,長崎県,,
1497,2006,長野県,,
1498,2006,青森県,,
1499,2006,静岡県,,
1500,2006,香川県,,
1501,2006,高知県,,
1502,2006,鳥取県,,
1503,2006,鹿児島県,,
1504,2007,三重県,,
1505,2007,京都府,,
1506,2007,佐賀県,,
1507,2007,兵庫県,,
1508,2007,北海道,,
1509,2007,千葉県,,
1510,2007,和歌山県,,
1511,2007,埼玉県,,
1512,2007,大分県,,
1513,2007,大阪府,,
1514,2007,奈良県,,
1515,2007,宮城県,,
1516,2007,宮崎県,,
1517,2007,富山県,,
1518,2007,山口県,,
1519,2007,山形県,,
1520,2007,山梨県,,
1521,2007,岐阜県,,
1522,2007,岡山県,,
1523,2007,岩手県,,
1524,2007,島根県,,
1525,2007,広島県,,
1526,2007,徳島県,,
1527,2007,愛媛県,,
1528,2007,愛知県,,
1529,2007,新潟県,,
1530,2007,東京都,,
1531,2007,栃木県,,
1532,2007,沖縄県,,
1533,2007,滋賀県,,
1534,2007,熊本県,,
1535,2007,石川県,,
1536,2007,神奈川県,,
1537,2007,福井県,,
1538,2007,福岡県,,
1539,2007,福島県,,
1540,2007,秋田県,,
1541,2007,群馬県,,
1542,2007,茨城県,,
1543,2007,長崎県,,
1544,2007,長野県,,
1545,2007,青森県,,
1546,2007,静岡県,,
1547,2007,香川県,,
1548,2007,高知県,,
1549,2007,鳥取県,,
1550,2007,鹿児島県,,
1551,2008,三重県,,
1552,2008,京都府,,
1553,2008,佐賀県,,
1554,2008,兵庫県,,
1555,2008,北海道,,
1556,2008,千葉県,,
1557,2008,和歌山県,,
1558,2008,埼玉県,,
1559,2008,大分県,,
1560,2008,大阪府,,
1561,2008,奈良県,,
1562,2008,宮城県,,
1563,2008,宮崎県,,
1564,2008,富山県,,
1565,2008,山口県,,
1566,2008,山形県,,
1567,2008,山梨県,,
1568,2008,岐阜県,,
1569,2008,岡山県,,
1570,2008,岩手県,,
1571,2008,島根県,,
1572,2008,広島県,,
1573,2008,徳島県,,
1574,2008,愛媛県,,
1575,2008,愛知県,,
1576,2008,新潟県,,
1577,2008,東京都,,
1578,2008,栃木県,,
1579,2008,沖縄県,,
1580,2008,滋賀県,,
1581,2008,熊本県,,
1582,2008,石川県,,
1583,2008,神奈川県,,
1584,2008,福井県,,
1585,2008,福岡県,,
1586,2008,福島県,,
1587,2008,秋田県,,
1588,2008,群馬県,,
1589,2008,茨城県,,
1590,2008,長崎県,,
1591,2008,長野県,,
1592,2008,青森県,,
1593,2008,静岡県,,
1594,2008,香川県,,
1595,2008,高知県,,
1596,2008,鳥取県,,
1597,2008,鹿児島県,,
1598,2009,三重県,,
1599,2009,京都府,,
1600,2009,佐賀県,,
1601,2009,兵庫県,,
1602,2009,北海道,,
1603,2009,千葉県,,
1604,2009,和歌山県,,
1605,2009,埼玉県,,
1606,2009,大分県,,
1607,2009,大阪府,,
1608,2009,奈良県,,
1609,2009,宮城県,,
1610,2009,宮崎県,,
1611,2009,富山県,,
1612,2009,山口県,,
1613,2009,山形県,,
1614,2009,山梨県,,
1615,2009,岐阜県,,
1616,2009,岡山県,,
1617,2009,岩手県,,
1618,2009,島根県,,
1619,2009,広島県,,
1620,2009,徳島県,,
1621,2009,愛媛県,,
1622,2009,愛知県,,
1623,2009,新潟県,,
1624,2009,東京都,,
1625,2009,栃木県,,
1626,2009,沖縄県,,
1627,2009,滋賀県,,
1628,2009,熊本県,,
1629,2009,石川県,,
1630,2009,神奈川県,,
1631,2009,福井県,,
1632,2009,福岡県,,
1633,2009,福島県,,
1634,2009,秋田県,,
1635,2009,群馬県,,
1636,2009,茨城県,,
1637,2009,長崎県,,
1638,2009,長野県,,
1639,2009,青森県,,
1640,2009,静岡県,,
1641,2009,香川県,,
1642,2009,高知県,,
1643,2009,鳥取県,,
1644,2009,鹿児島県,,
1645,2010,三重県,193810.0,397702.0
1646,2010,京都府,272285.0,565083.0
1647,2010,佐賀県,91148.0,188916.0
1648,2010,兵庫県,584024.0,1281586.0
1649,2010,北海道,636752.0,1323014.0
1650,2010,千葉県,613035.0,1278871.0
1651,2010,和歌山県,113793.0,244726.0
1652,2010,埼玉県,704918.0,1475654.0
1653,2010,大分県,140389.0,288057.0
1654,2010,大阪府,874432.0,1885489.0
1655,2010,奈良県,158000.0,347629.0
1656,2010,宮城県,255285.0,528147.0
1657,2010,宮崎県,127242.0,253217.0
1658,2010,富山県,118976.0,235754.0
1659,2010,山口県,169668.0,356435.0
1660,2010,山形県,135523.0,263639.0
1661,2010,山梨県,89468.0,183272.0
1662,2010,岐阜県,221033.0,450720.0
1663,2010,岡山県,219468.0,448474.0
1664,2010,岩手県,150499.0,306582.0
1665,2010,島根県,81604.0,158825.0
1666,2010,広島県,290275.0,608104.0
1667,2010,徳島県,93139.0,181371.0
1668,2010,愛媛県,168020.0,348984.0
1669,2010,愛知県,674713.0,1439548.0
1670,2010,新潟県,266348.0,524870.0
1671,2010,東京都,1115222.0,2398308.0
1672,2010,栃木県,198330.0,408247.0
1673,2010,沖縄県,139419.0,265767.0
1674,2010,滋賀県,141084.0,293080.0
1675,2010,熊本県,200816.0,398592.0
1676,2010,石川県,122640.0,237897.0
1677,2010,神奈川県,847021.0,1822705.0
1678,2010,福井県,84440.0,166306.0
1679,2010,福岡県,527402.0,1128423.0
1680,2010,福島県,216427.0,438181.0
1681,2010,秋田県,127570.0,267755.0
1682,2010,群馬県,216329.0,430751.0
1683,2010,茨城県,319713.0,642459.0
1684,2010,長崎県,168653.0,347595.0
1685,2010,長野県,220481.0,451960.0
1686,2010,青森県,155074.0,323984.0
1687,2010,静岡県,384649.0,788220.0
1688,2010,香川県,109389.0,220887.0
1689,2010,高知県,89476.0,168338.0
1690,2010,鳥取県,63965.0,124959.0
1691,2010,鹿児島県,193719.0,397624.0
1692,2011,三重県,,
1693,2011,京都府,,
1694,2011,佐賀県,,
1695,2011,兵庫県,,
1696,2011,北海道,,
1697,2011,千葉県,,
1698,2011,和歌山県,,
1699,2011,埼玉県,,
1700,2011,大分県,,
1701,2011,大阪府,,
1702,2011,奈良県,,
1703,2011,宮城県,,
1704,2011,宮崎県,,
1705,2011,富山県,,
1706,2011,山口県,,
1707,2011,山形県,,
1708,2011,山梨県,,
1709,2011,岐阜県,,
1710,2011,岡山県,,
1711,2011,岩手県,,
1712,2011,島根県,,
1713,2011,広島県,,
1714,2011,徳島県,,
1715,2011,愛媛県,,
1716,2011,愛知県,,
1717,2011,新潟県,,
1718,2011,東京都,,
1719,2011,栃木県,,
1720,2011,沖縄県,,
1721,2011,滋賀県,,
1722,2011,熊本県,,
1723,2011,石川県,,
1724,2011,神奈川県,,
1725,2011,福井県,,
1726,2011,福岡県,,
1727,2011,福島県,,
1728,2011,秋田県,,
1729,2011,群馬県,,
1730,2011,茨城県,,
1731,2011,長崎県,,
1732,2011,長野県,,
1733,2011,青森県,,
1734,2011,静岡県,,
1735,2011,香川県,,
1736,2011,高知県,,
1737,2011,鳥取県,,
1738,2011,鹿児島県,,
1739,2012,三重県,,
1740,2012,京都府,,
1741,2012,佐賀県,,
1742,2012,兵庫県,,
1743,2012,北海道,,
1744,2012,千葉県,,
1745,2012,和歌山県,,
1746,2012,埼玉県,,
1747,2012,大分県,,
1748,2012,大阪府,,
1749,2012,奈良県,,
1750,2012,宮城県,,
1751,2012,宮崎県,,
1752,2012,富山県,,
1753,2012,山口県,,
1754,2012,山形県,,
1755,2012,山梨県,,
1756,2012,岐阜県,,
1757,2012,岡山県,,
1758,2012,岩手県,,
1759,2012,島根県,,
1760,2012,広島県,,
1761,2012,徳島県,,
1762,2012,愛媛県,,
1763,2012,愛知県,,
1764,2012,新潟県,,
1765,2012,東京都,,
1766,2012,栃木県,,
1767,2012,沖縄県,,
1768,2012,滋賀県,,
1769,2012,熊本県,,
1770,2012,石川県,,
1771,2012,神奈川県,,
1772,2012,福井県,,
1773,2012,福岡県,,
1774,2012,福島県,,
1775,2012,秋田県,,
1776,2012,群馬県,,
1777,2012,茨城県,,
1778,2012,長崎県,,
1779,2012,長野県,,
1780,2012,青森県,,
1781,2012,静岡県,,
1782,2012,香川県,,
1783,2012,高知県,,
1784,2012,鳥取県,,
1785,2012,鹿児島県,,
1786,2013,三重県,,
1787,2013,京都府,,
1788,2013,佐賀県,,
1789,2013,兵庫県,,
1790,2013,北海道,,
1791,2013,千葉県,,
1792,2013,和歌山県,,
1793,2013,埼玉県,,
1794,2013,大分県,,
1795,2013,大阪府,,
1796,2013,奈良県,,
1797,2013,宮城県,,
1798,2013,宮崎県,,
1799,2013,富山県,,
1800,2013,山口県,,
1801,2013,山形県,,
1802,2013,山梨県,,
1803,2013,岐阜県,,
1804,2013,岡山県,,
1805,2013,岩手県,,
1806,2013,島根県,,
1807,2013,広島県,,
1808,2013,徳島県,,
1809,2013,愛媛県,,
1810,2013,愛知県,,
1811,2013,新潟県,,
1812,2013,東京都,,
1813,2013,栃木県,,
1814,2013,沖縄県,,
1815,2013,滋賀県,,
1816,2013,熊本県,,
1817,2013,石川県,,
1818,2013,神奈川県,,
1819,2013,福井県,,
1820,2013,福岡県,,
1821,2013,福島県,,
1822,2013,秋田県,,
1823,2013,群馬県,,
1824,2013,茨城県,,
1825,2013,長崎県,,
1826,2013,長野県,,
1827,2013,青森県,,
1828,2013,静岡県,,
1829,2013,香川県,,
1830,2013,高知県,,
1831,2013,鳥取県,,
1832,2013,鹿児島県,,
1833,2014,三重県,,
1834,2014,京都府,,
1835,2014,佐賀県,,
1836,2014,兵庫県,,
1837,2014,北海道,,
1838,2014,千葉県,,
1839,2014,和歌山県,,
1840,2014,埼玉県,,
1841,2014,大分県,,
1842,2014,大阪府,,
1843,2014,奈良県,,
1844,2014,宮城県,,
1845,2014,宮崎県,,
1846,2014,富山県,,
1847,2014,山口県,,
1848,2014,山形県,,
1849,2014,山梨県,,
1850,2014,岐阜県,,
1851,2014,岡山県,,
1852,2014,岩手県,,
1853,2014,島根県,,
1854,2014,広島県,,
1855,2014,徳島県,,
1856,2014,愛媛県,,
1857,2014,愛知県,,
1858,2014,新潟県,,
1859,2014,東京都,,
1860,2014,栃木県,,
1861,2014,沖縄県,,
1862,2014,滋賀県,,
1863,2014,熊本県,,
1864,2014,石川県,,
1865,2014,神奈川県,,
1866,2014,福井県,,
1867,2014,福岡県,,
1868,2014,福島県,,
1869,2014,秋田県,,
1870,2014,群馬県,,
1871,2014,茨城県,,
1872,2014,長崎県,,
1873,2014,長野県,,
1874,2014,青森県,,
1875,2014,静岡県,,
1876,2014,香川県,,
1877,2014,高知県,,
1878,2014,鳥取県,,
1879,2014,鹿児島県,,
1880,2015,三重県,213022.0,390917.0
1881,2015,京都府,302486.0,559720.0
1882,2015,佐賀県,95595.0,180404.0
1883,2015,兵庫県,647523.0,1264489.0
1884,2015,北海道,656049.0,1268270.0
1885,2015,千葉県,702268.0,1279872.0
1886,2015,和歌山県,119234.0,231634.0
1887,2015,埼玉県,813667.0,1497274.0
1888,2015,大分県,146353.0,274183.0
1889,2015,大阪府,975991.0,1864163.0
1890,2015,奈良県,177552.0,341420.0
1891,2015,宮城県,265138.0,510778.0
1892,2015,宮崎県,135364.0,243602.0
1893,2015,富山県,127112.0,229270.0
1894,2015,山口県,180227.0,342181.0
1895,2015,山形県,136896.0,247528.0
1896,2015,山梨県,97457.0,175689.0
1897,2015,岐阜県,237531.0,433709.0
1898,2015,岡山県,233380.0,428746.0
1899,2015,岩手県,151963.0,288507.0
1900,2015,島根県,85119.0,151669.0
1901,2015,広島県,330124.0,620389.0
1902,2015,徳島県,100318.0,176330.0
1903,2015,愛媛県,173902.0,327003.0
1904,2015,愛知県,786746.0,1471734.0
1905,2015,新潟県,284242.0,508657.0
1906,2015,東京都,1179766.0,2317825.0
1907,2015,栃木県,223781.0,409016.0
1908,2015,沖縄県,148527.0,249978.0
1909,2015,滋賀県,157761.0,291987.0
1910,2015,熊本県,215432.0,392179.0
1911,2015,石川県,133990.0,235390.0
1912,2015,神奈川県,963424.0,1827525.0
1913,2015,福井県,89461.0,158811.0
1914,2015,福岡県,572948.0,1112405.0
1915,2015,福島県,223529.0,414959.0
1916,2015,秋田県,131469.0,253078.0
1917,2015,群馬県,234850.0,418790.0
1918,2015,茨城県,348958.0,623869.0
1919,2015,長崎県,173144.0,327759.0
1920,2015,長野県,240103.0,437838.0
1921,2015,青森県,158846.0,305432.0
1922,2015,静岡県,427582.0,777395.0
1923,2015,香川県,120252.0,215977.0
1924,2015,高知県,93289.0,159582.0
1925,2015,鳥取県,68713.0,121824.0
1926,2015,鹿児島県,202449.0,379166.0
1927,2016,三重県,,
1928,2016,京都府,,
1929,2016,佐賀県,,
1930,2016,兵庫県,,
1931,2016,北海道,,
1932,2016,千葉県,,
1933,2016,和歌山県,,
1934,2016,埼玉県,,
1935,2016,大分県,,
1936,2016,大阪府,,
1937,2016,奈良県,,
1938,2016,宮城県,,
1939,2016,宮崎県,,
1940,2016,富山県,,
1941,2016,山口県,,
1942,2016,山形県,,
1943,2016,山梨県,,
1944,2016,岐阜県,,
1945,2016,岡山県,,
1946,2016,岩手県,,
1947,2016,島根県,,
1948,2016,広島県,,
1949,2016,徳島県,,
1950,2016,愛媛県,,
1951,2016,愛知県,,
1952,2016,新潟県,,
1953,2016,東京都,,
1954,2016,栃木県,,
1955,2016,沖縄県,,
1956,2016,滋賀県,,
1957,2016,熊本県,,
1958,2016,石川県,,
1959,2016,神奈川県,,
1960,2016,福井県,,
1961,2016,福岡県,,
1962,2016,福島県,,
1963,2016,秋田県,,
1964,2016,群馬県,,
1965,2016,茨城県,,
1966,2016,長崎県,,
1967,2016,長野県,,
1968,2016,青森県,,
1969,2016,静岡県,,
1970,2016,香川県,,
1971,2016,高知県,,
1972,2016,鳥取県,,
1973,2016,鹿児島県,,
1974,2017,三重県,,
1975,2017,京都府,,
1976,2017,佐賀県,,
1977,2017,兵庫県,,
1978,2017,北海道,,
1979,2017,千葉県,,
1980,2017,和歌山県,,
1981,2017,埼玉県,,
1982,2017,大分県,,
1983,2017,大阪府,,
1984,2017,奈良県,,
1985,2017,宮城県,,
1986,2017,宮崎県,,
1987,2017,富山県,,
1988,2017,山口県,,
1989,2017,山形県,,
1990,2017,山梨県,,
1991,2017,岐阜県,,
1992,2017,岡山県,,
1993,2017,岩手県,,
1994,2017,島根県,,
1995,2017,広島県,,
1996,2017,徳島県,,
1997,2017,愛媛県,,
1998,2017,愛知県,,
1999,2017,新潟県,,
2000,2017,東京都,,
2001,2017,栃木県,,
2002,2017,沖縄県,,
2003,2017,滋賀県,,
2004,2017,熊本県,,
2005,2017,石川県,,
2006,2017,神奈川県,,
2007,2017,福井県,,
2008,2017,福岡県,,
2009,2017,福島県,,
2010,2017,秋田県,,
2011,2017,群馬県,,
2012,2017,茨城県,,
2013,2017,長崎県,,
2014,2017,長野県,,
2015,2017,青森県,,
2016,2017,静岡県,,
2017,2017,香川県,,
2018,2017,高知県,,
2019,2017,鳥取県,,
2020,2017,鹿児島県,,
2021,2018,三重県,,
2022,2018,京都府,,
2023,2018,佐賀県,,
2024,2018,兵庫県,,
2025,2018,北海道,,
2026,2018,千葉県,,
2027,2018,和歌山県,,
2028,2018,埼玉県,,
2029,2018,大分県,,
2030,2018,大阪府,,
2031,2018,奈良県,,
2032,2018,宮城県,,
2033,2018,宮崎県,,
2034,2018,富山県,,
2035,2018,山口県,,
2036,2018,山形県,,
2037,2018,山梨県,,
2038,2018,岐阜県,,
2039,2018,岡山県,,
2040,2018,岩手県,,
2041,2018,島根県,,
2042,2018,広島県,,
2043,2018,徳島県,,
2044,2018,愛媛県,,
2045,2018,愛知県,,
2046,2018,新潟県,,
2047,2018,東京都,,
2048,2018,栃木県,,
2049,2018,沖縄県,,
2050,2018,滋賀県,,
2051,2018,熊本県,,
2052,2018,石川県,,
2053,2018,神奈川県,,
2054,2018,福井県,,
2055,2018,福岡県,,
2056,2018,福島県,,
2057,2018,秋田県,,
2058,2018,群馬県,,
2059,2018,茨城県,,
2060,2018,長崎県,,
2061,2018,長野県,,
2062,2018,青森県,,
2063,2018,静岡県,,
2064,2018,香川県,,
2065,2018,高知県,,
2066,2018,鳥取県,,
2067,2018,鹿児島県,,
2068,2019,三重県,,
2069,2019,京都府,,
2070,2019,佐賀県,,
2071,2019,兵庫県,,
2072,2019,北海道,,
2073,2019,千葉県,,
2074,2019,和歌山県,,
2075,2019,埼玉県,,
2076,2019,大分県,,
2077,2019,大阪府,,
2078,2019,奈良県,,
2079,2019,宮城県,,
2080,2019,宮崎県,,
2081,2019,富山県,,
2082,2019,山口県,,
2083,2019,山形県,,
2084,2019,山梨県,,
2085,2019,岐阜県,,
2086,2019,岡山県,,
2087,2019,岩手県,,
2088,2019,島根県,,
2089,2019,広島県,,
2090,2019,徳島県,,
2091,2019,愛媛県,,
2092,2019,愛知県,,
2093,2019,新潟県,,
2094,2019,東京都,,
2095,2019,栃木県,,
2096,2019,沖縄県,,
2097,2019,滋賀県,,
2098,2019,熊本県,,
2099,2019,石川県,,
2100,2019,神奈川県,,
2101,2019,福井県,,
2102,2019,福岡県,,
2103,2019,福島県,,
2104,2019,秋田県,,
2105,2019,群馬県,,
2106,2019,茨城県,,
2107,2019,長崎県,,
2108,2019,長野県,,
2109,2019,青森県,,
2110,2019,静岡県,,
2111,2019,香川県,,
2112,2019,高知県,,
2113,2019,鳥取県,,
2114,2019,鹿児島県,,
2115,2020,三重県,,
2116,2020,京都府,,
2117,2020,佐賀県,,
2118,2020,兵庫県,,
2119,2020,北海道,,
2120,2020,千葉県,,
2121,2020,和歌山県,,
2122,2020,埼玉県,,
2123,2020,大分県,,
2124,2020,大阪府,,
2125,2020,奈良県,,
2126,2020,宮城県,,
2127,2020,宮崎県,,
2128,2020,富山県,,
2129,2020,山口県,,
2130,2020,山形県,,
2131,2020,山梨県,,
2132,2020,岐阜県,,
2133,2020,岡山県,,
2134,2020,岩手県,,
2135,2020,島根県,,
2136,2020,広島県,,
2137,2020,徳島県,,
2138,2020,愛媛県,,
2139,2020,愛知県,,
2140,2020,新潟県,,
2141,2020,東京都,,
2142,2020,栃木県,,
2143,2020,沖縄県,,
2144,2020,滋賀県,,
2145,2020,熊本県,,
2146,2020,石川県,,
2147,2020,神奈川県,,
2148,2020,福井県,,
2149,2020,福岡県,,
2150,2020,福島県,,
2151,2020,秋田県,,
2152,2020,群馬県,,
2153,2020,茨城県,,
2154,2020,長崎県,,
2155,2020,長野県,,
2156,2020,青森県,,
2157,2020,静岡県,,
2158,2020,香川県,,
2159,2020,高知県,,
2160,2020,鳥取県,,
2161,2020,鹿児島県,,
